<?xml version="1.0" encoding="UTF-8"?>
<!-- ====================================================================== -->
<!--                                                                        -->
<!-- Generated by Maven Help Plugin                                         -->
<!-- See: https://maven.apache.org/plugins/maven-help-plugin/               -->
<!--                                                                        -->
<!-- ====================================================================== -->
<!-- ====================================================================== -->
<!--                                                                        -->
<!-- Effective POM for project                                              -->
<!-- 'co.edu.javeriana.as.personapp:rest-input-adapter:jar:0.0.1-SNAPSHOT'  -->
<!--                                                                        -->
<!-- ====================================================================== -->
<project xmlns="http://maven.apache.org/POM/4.0.0" xmlns:xsi="http://www.w3.org/2001/XMLSchema-instance" xsi:schemaLocation="http://maven.apache.org/POM/4.0.0 https://maven.apache.org/xsd/maven-4.0.0.xsd">
  <modelVersion>4.0.0</modelVersion>
  <parent>
    <groupId>co.edu.javeriana.as</groupId>
    <artifactId>personapp-hexa-spring-boot</artifactId>
    <version>0.0.1-SNAPSHOT</version>
  </parent>
  <groupId>co.edu.javeriana.as.personapp</groupId>
  <artifactId>rest-input-adapter</artifactId>
  <version>0.0.1-SNAPSHOT</version>
  <name>PersonAPP REST Input Adapter</name>
  <description>REST API Input Adapter for PersonAPP</description>
  <licenses>
    <license>
      <name>Apache License, Version 2.0</name>
      <url>https://www.apache.org/licenses/LICENSE-2.0</url>
    </license>
  </licenses>
  <developers>
    <developer>
      <name>Andres Sanchez</name>
      <email>asanchez-m@javeriana.edu.co</email>
      <organization>Pontificia Universidad Javeriana</organization>
      <organizationUrl>https://www.javeriana.edu.co</organizationUrl>
    </developer>
  </developers>
  <properties>
    <global.java.version>11</global.java.version>
    <global.springframework.boot.version>2.7.11</global.springframework.boot.version>
    <global.springframework.version>5.3.27</global.springframework.version>
    <java.version>11</java.version>
    <maven.compiler.source>11</maven.compiler.source>
    <maven.compiler.target>11</maven.compiler.target>
    <project.build.sourceEncoding>UTF-8</project.build.sourceEncoding>
    <project.reporting.outputEncoding>UTF-8</project.reporting.outputEncoding>
    <revision>0.0.1-SNAPSHOT</revision>
  </properties>
  <dependencies>
    <dependency>
      <groupId>co.edu.javeriana.as.personapp</groupId>
      <artifactId>application</artifactId>
      <version>0.0.1-SNAPSHOT</version>
      <scope>compile</scope>
    </dependency>
    <dependency>
      <groupId>co.edu.javeriana.as.personapp</groupId>
      <artifactId>maria-output-adapter</artifactId>
      <version>0.0.1-SNAPSHOT</version>
      <scope>compile</scope>
    </dependency>
    <dependency>
      <groupId>co.edu.javeriana.as.personapp</groupId>
      <artifactId>mongo-output-adapter</artifactId>
      <version>0.0.1-SNAPSHOT</version>
      <scope>compile</scope>
    </dependency>
    <dependency>
      <groupId>org.springframework.boot</groupId>
      <artifactId>spring-boot-starter-web</artifactId>
      <version>2.7.11</version>
      <scope>compile</scope>
    </dependency>
    <dependency>
      <groupId>org.springdoc</groupId>
      <artifactId>springdoc-openapi-ui</artifactId>
      <version>1.7.0</version>
      <scope>compile</scope>
    </dependency>
    <dependency>
      <groupId>org.projectlombok</groupId>
      <artifactId>lombok</artifactId>
      <version>1.18.26</version>
      <scope>provided</scope>
    </dependency>
    <dependency>
      <groupId>org.apache.logging.log4j</groupId>
      <artifactId>log4j-to-slf4j</artifactId>
      <version>2.20.0</version>
      <scope>compile</scope>
    </dependency>
  </dependencies>
  <repositories>
    <repository>
      <snapshots>
        <enabled>false</enabled>
      </snapshots>
      <id>central</id>
      <name>Central Repository</name>
      <url>https://repo.maven.apache.org/maven2</url>
    </repository>
  </repositories>
  <pluginRepositories>
    <pluginRepository>
      <releases>
        <updatePolicy>never</updatePolicy>
      </releases>
      <snapshots>
        <enabled>false</enabled>
      </snapshots>
      <id>central</id>
      <name>Central Repository</name>
      <url>https://repo.maven.apache.org/maven2</url>
    </pluginRepository>
  </pluginRepositories>
  <build>
    <sourceDirectory>C:\Users\spams\Downloads\PUJ_LOCAL\8_SEM\ARQ\2\personapp-hexa-spring-boot-main\personapp-hexa-spring-boot-main\rest-input-adapter\src\main\java</sourceDirectory>
    <scriptSourceDirectory>C:\Users\spams\Downloads\PUJ_LOCAL\8_SEM\ARQ\2\personapp-hexa-spring-boot-main\personapp-hexa-spring-boot-main\rest-input-adapter\src\main\scripts</scriptSourceDirectory>
    <testSourceDirectory>C:\Users\spams\Downloads\PUJ_LOCAL\8_SEM\ARQ\2\personapp-hexa-spring-boot-main\personapp-hexa-spring-boot-main\rest-input-adapter\src\test\java</testSourceDirectory>
    <outputDirectory>C:\Users\spams\Downloads\PUJ_LOCAL\8_SEM\ARQ\2\personapp-hexa-spring-boot-main\personapp-hexa-spring-boot-main\rest-input-adapter\target\classes</outputDirectory>
    <testOutputDirectory>C:\Users\spams\Downloads\PUJ_LOCAL\8_SEM\ARQ\2\personapp-hexa-spring-boot-main\personapp-hexa-spring-boot-main\rest-input-adapter\target\test-classes</testOutputDirectory>
    <resources>
      <resource>
        <directory>C:\Users\spams\Downloads\PUJ_LOCAL\8_SEM\ARQ\2\personapp-hexa-spring-boot-main\personapp-hexa-spring-boot-main\rest-input-adapter\src\main\resources</directory>
      </resource>
    </resources>
    <testResources>
      <testResource>
        <directory>C:\Users\spams\Downloads\PUJ_LOCAL\8_SEM\ARQ\2\personapp-hexa-spring-boot-main\personapp-hexa-spring-boot-main\rest-input-adapter\src\test\resources</directory>
      </testResource>
    </testResources>
    <directory>C:\Users\spams\Downloads\PUJ_LOCAL\8_SEM\ARQ\2\personapp-hexa-spring-boot-main\personapp-hexa-spring-boot-main\rest-input-adapter\target</directory>
    <finalName>rest-input-adapter-0.0.1-SNAPSHOT</finalName>
    <pluginManagement>
      <plugins>
        <plugin>
          <artifactId>maven-antrun-plugin</artifactId>
          <version>1.3</version>
        </plugin>
        <plugin>
          <artifactId>maven-assembly-plugin</artifactId>
          <version>2.2-beta-5</version>
        </plugin>
        <plugin>
          <artifactId>maven-dependency-plugin</artifactId>
          <version>2.8</version>
        </plugin>
        <plugin>
          <artifactId>maven-release-plugin</artifactId>
          <version>2.5.3</version>
        </plugin>
      </plugins>
    </pluginManagement>
    <plugins>
      <plugin>
        <groupId>org.springframework.boot</groupId>
        <artifactId>spring-boot-maven-plugin</artifactId>
        <version>2.7.11</version>
        <configuration>
          <excludes>
            <exclude>
              <groupId>org.projectlombok</groupId>
              <artifactId>lombok</artifactId>
            </exclude>
          </excludes>
        </configuration>
      </plugin>
      <plugin>
        <artifactId>maven-clean-plugin</artifactId>
        <version>2.5</version>
        <executions>
          <execution>
            <id>default-clean</id>
            <phase>clean</phase>
            <goals>
              <goal>clean</goal>
            </goals>
          </execution>
        </executions>
      </plugin>
      <plugin>
        <artifactId>maven-resources-plugin</artifactId>
        <version>2.6</version>
        <executions>
          <execution>
            <id>default-testResources</id>
            <phase>process-test-resources</phase>
            <goals>
              <goal>testResources</goal>
            </goals>
          </execution>
          <execution>
            <id>default-resources</id>
            <phase>process-resources</phase>
            <goals>
              <goal>resources</goal>
            </goals>
          </execution>
        </executions>
      </plugin>
      <plugin>
        <artifactId>maven-jar-plugin</artifactId>
        <version>2.4</version>
        <executions>
          <execution>
            <id>default-jar</id>
            <phase>package</phase>
            <goals>
              <goal>jar</goal>
            </goals>
          </execution>
        </executions>
      </plugin>
      <plugin>
        <artifactId>maven-compiler-plugin</artifactId>
        <version>3.1</version>
        <executions>
          <execution>
            <id>default-compile</id>
            <phase>compile</phase>
            <goals>
              <goal>compile</goal>
            </goals>
          </execution>
          <execution>
            <id>default-testCompile</id>
            <phase>test-compile</phase>
            <goals>
              <goal>testCompile</goal>
            </goals>
          </execution>
        </executions>
      </plugin>
      <plugin>
        <artifactId>maven-surefire-plugin</artifactId>
        <version>2.12.4</version>
        <executions>
          <execution>
            <id>default-test</id>
            <phase>test</phase>
            <goals>
              <goal>test</goal>
            </goals>
          </execution>
        </executions>
      </plugin>
      <plugin>
        <artifactId>maven-install-plugin</artifactId>
        <version>2.4</version>
        <executions>
          <execution>
            <id>default-install</id>
            <phase>install</phase>
            <goals>
              <goal>install</goal>
            </goals>
          </execution>
        </executions>
      </plugin>
      <plugin>
        <artifactId>maven-deploy-plugin</artifactId>
        <version>2.7</version>
        <executions>
          <execution>
            <id>default-deploy</id>
            <phase>deploy</phase>
            <goals>
              <goal>deploy</goal>
            </goals>
          </execution>
        </executions>
      </plugin>
      <plugin>
        <artifactId>maven-site-plugin</artifactId>
        <version>3.3</version>
        <executions>
          <execution>
            <id>default-site</id>
            <phase>site</phase>
            <goals>
              <goal>site</goal>
            </goals>
            <configuration>
              <outputDirectory>C:\Users\spams\Downloads\PUJ_LOCAL\8_SEM\ARQ\2\personapp-hexa-spring-boot-main\personapp-hexa-spring-boot-main\rest-input-adapter\target\site</outputDirectory>
              <reportPlugins>
                <reportPlugin>
                  <groupId>org.apache.maven.plugins</groupId>
                  <artifactId>maven-project-info-reports-plugin</artifactId>
                </reportPlugin>
              </reportPlugins>
            </configuration>
          </execution>
          <execution>
            <id>default-deploy</id>
            <phase>site-deploy</phase>
            <goals>
              <goal>deploy</goal>
            </goals>
            <configuration>
              <outputDirectory>C:\Users\spams\Downloads\PUJ_LOCAL\8_SEM\ARQ\2\personapp-hexa-spring-boot-main\personapp-hexa-spring-boot-main\rest-input-adapter\target\site</outputDirectory>
              <reportPlugins>
                <reportPlugin>
                  <groupId>org.apache.maven.plugins</groupId>
                  <artifactId>maven-project-info-reports-plugin</artifactId>
                </reportPlugin>
              </reportPlugins>
            </configuration>
          </execution>
        </executions>
        <configuration>
          <outputDirectory>C:\Users\spams\Downloads\PUJ_LOCAL\8_SEM\ARQ\2\personapp-hexa-spring-boot-main\personapp-hexa-spring-boot-main\rest-input-adapter\target\site</outputDirectory>
          <reportPlugins>
            <reportPlugin>
              <groupId>org.apache.maven.plugins</groupId>
              <artifactId>maven-project-info-reports-plugin</artifactId>
            </reportPlugin>
          </reportPlugins>
        </configuration>
      </plugin>
    </plugins>
  </build>
  <reporting>
    <outputDirectory>C:\Users\spams\Downloads\PUJ_LOCAL\8_SEM\ARQ\2\personapp-hexa-spring-boot-main\personapp-hexa-spring-boot-main\rest-input-adapter\target\site</outputDirectory>
  </reporting>
</project>
